<?xml version="1.0" encoding="UTF-8"?>
<export version="D">
  <design>
    <source>/home/iwa/documents/KiCAD/Digital Accessory Decoder/DAD 02/DAD 02/DAD 02.sch</source>
    <date>Mon 23 Aug 2021 12:42:14 PM CEST</date>
    <tool>Eeschema 5.1.10</tool>
    <sheet number="1" name="/" tstamps="/">
      <title_block>
        <title>Digital Accessory Decoder 02 - Schematic</title>
        <company>Cyrille TOULET</company>
        <rev>1.0</rev>
        <date>2021-08-01</date>
        <source>DAD 02.sch</source>
        <comment number="1" value="All rights reserved"/>
        <comment number="2" value=""/>
        <comment number="3" value=""/>
        <comment number="4" value=""/>
      </title_block>
    </sheet>
  </design>
  <components>
    <comp ref="A1">
      <value>Arduino Nano</value>
      <footprint>Module:Arduino_Nano</footprint>
      <datasheet>https://www.arduino.cc/en/uploads/Main/ArduinoNanoManual23.pdf</datasheet>
      <libsource lib="MCU_Module" part="Arduino_Nano_v2.x" description="Arduino Nano v2.x"/>
      <sheetpath names="/" tstamps="/"/>
      <tstamp>60B493AD</tstamp>
    </comp>
    <comp ref="J2">
      <value>Terminal 1x2</value>
      <footprint>TerminalBlock:TerminalBlock_bornier-2_P5.08mm</footprint>
      <datasheet>~</datasheet>
      <libsource lib="Connector" part="Screw_Terminal_01x02" description="Generic screw terminal, single row, 01x02, script generated (kicad-library-utils/schlib/autogen/connector/)"/>
      <sheetpath names="/" tstamps="/"/>
      <tstamp>60B4BC9B</tstamp>
    </comp>
    <comp ref="D1">
      <value>1N4001</value>
      <footprint>Diode_THT:D_DO-41_SOD81_P10.16mm_Horizontal</footprint>
      <datasheet>http://www.vishay.com/docs/88503/1n4001.pdf</datasheet>
      <libsource lib="Diode" part="1N4001" description="50V 1A General Purpose Rectifier Diode, DO-41"/>
      <sheetpath names="/" tstamps="/"/>
      <tstamp>60B4D662</tstamp>
    </comp>
    <comp ref="D3">
      <value>1N4001</value>
      <footprint>Diode_THT:D_DO-41_SOD81_P10.16mm_Horizontal</footprint>
      <datasheet>http://www.vishay.com/docs/88503/1n4001.pdf</datasheet>
      <libsource lib="Diode" part="1N4001" description="50V 1A General Purpose Rectifier Diode, DO-41"/>
      <sheetpath names="/" tstamps="/"/>
      <tstamp>60B4EE7E</tstamp>
    </comp>
    <comp ref="D2">
      <value>1N4001</value>
      <footprint>Diode_THT:D_DO-41_SOD81_P10.16mm_Horizontal</footprint>
      <datasheet>http://www.vishay.com/docs/88503/1n4001.pdf</datasheet>
      <libsource lib="Diode" part="1N4001" description="50V 1A General Purpose Rectifier Diode, DO-41"/>
      <sheetpath names="/" tstamps="/"/>
      <tstamp>60B4F17D</tstamp>
    </comp>
    <comp ref="D4">
      <value>1N4001</value>
      <footprint>Diode_THT:D_DO-41_SOD81_P10.16mm_Horizontal</footprint>
      <datasheet>http://www.vishay.com/docs/88503/1n4001.pdf</datasheet>
      <libsource lib="Diode" part="1N4001" description="50V 1A General Purpose Rectifier Diode, DO-41"/>
      <sheetpath names="/" tstamps="/"/>
      <tstamp>60B4F4F8</tstamp>
    </comp>
    <comp ref="C1">
      <value>220µF</value>
      <footprint>Capacitor_THT:CP_Radial_D6.3mm_P2.50mm</footprint>
      <datasheet>~</datasheet>
      <libsource lib="Device" part="C_Polarized" description="Polarized capacitor"/>
      <sheetpath names="/" tstamps="/"/>
      <tstamp>60B502E4</tstamp>
    </comp>
    <comp ref="U1">
      <value>LM7805</value>
      <footprint>Package_TO_SOT_THT:TO-220-3_Vertical</footprint>
      <datasheet>https://www.onsemi.cn/PowerSolutions/document/MC7800-D.PDF</datasheet>
      <libsource lib="Regulator_Linear" part="LM7805_TO220" description="Positive 1A 35V Linear Regulator, Fixed Output 5V, TO-220"/>
      <sheetpath names="/" tstamps="/"/>
      <tstamp>60B52A6A</tstamp>
    </comp>
    <comp ref="U2">
      <value>6N137</value>
      <footprint>Package_DIP:DIP-8_W7.62mm</footprint>
      <datasheet>https://docs.broadcom.com/docs/AV02-0940EN</datasheet>
      <libsource lib="Isolator" part="6N137" description="Single High Speed LSTTL/TTL Compatible Optocoupler with enable, dV/dt 1000/us, VCM 10, max 7V VCC, DIP-8"/>
      <sheetpath names="/" tstamps="/"/>
      <tstamp>60B542D7</tstamp>
    </comp>
    <comp ref="D5">
      <value>1N4148</value>
      <footprint>Diode_THT:D_DO-35_SOD27_P7.62mm_Horizontal</footprint>
      <datasheet>https://assets.nexperia.com/documents/data-sheet/1N4148_1N4448.pdf</datasheet>
      <libsource lib="Diode" part="1N4148" description="100V 0.15A standard switching diode, DO-35"/>
      <sheetpath names="/" tstamps="/"/>
      <tstamp>60B56856</tstamp>
    </comp>
    <comp ref="R3">
      <value>1k (1W)</value>
      <footprint>Resistor_THT:R_Axial_DIN0309_L9.0mm_D3.2mm_P12.70mm_Horizontal</footprint>
      <datasheet>~</datasheet>
      <libsource lib="Device" part="R" description="Resistor"/>
      <sheetpath names="/" tstamps="/"/>
      <tstamp>60B575A6</tstamp>
    </comp>
    <comp ref="R1">
      <value>10k</value>
      <footprint>Resistor_THT:R_Axial_DIN0207_L6.3mm_D2.5mm_P10.16mm_Horizontal</footprint>
      <datasheet>~</datasheet>
      <libsource lib="Device" part="R" description="Resistor"/>
      <sheetpath names="/" tstamps="/"/>
      <tstamp>60B58782</tstamp>
    </comp>
    <comp ref="R2">
      <value>10k</value>
      <footprint>Resistor_THT:R_Axial_DIN0207_L6.3mm_D2.5mm_P10.16mm_Horizontal</footprint>
      <datasheet>~</datasheet>
      <libsource lib="Device" part="R" description="Resistor"/>
      <sheetpath names="/" tstamps="/"/>
      <tstamp>60B59023</tstamp>
    </comp>
    <comp ref="J3">
      <value>Terminal 1x2</value>
      <footprint>TerminalBlock:TerminalBlock_bornier-2_P5.08mm</footprint>
      <datasheet>~</datasheet>
      <libsource lib="Connector" part="Screw_Terminal_01x02" description="Generic screw terminal, single row, 01x02, script generated (kicad-library-utils/schlib/autogen/connector/)"/>
      <sheetpath names="/" tstamps="/"/>
      <tstamp>60B71EC3</tstamp>
    </comp>
    <comp ref="C2">
      <value>220µF</value>
      <footprint>Capacitor_THT:CP_Radial_D6.3mm_P2.50mm</footprint>
      <datasheet>~</datasheet>
      <libsource lib="Device" part="C_Polarized" description="Polarized capacitor"/>
      <sheetpath names="/" tstamps="/"/>
      <tstamp>60BC308A</tstamp>
    </comp>
    <comp ref="J1">
      <value>Conn 1x4 pins</value>
      <footprint>Connector_PinHeader_2.54mm:PinHeader_1x04_P2.54mm_Vertical</footprint>
      <datasheet>~</datasheet>
      <libsource lib="Connector" part="Conn_01x04_Male" description="Generic connector, single row, 01x04, script generated (kicad-library-utils/schlib/autogen/connector/)"/>
      <sheetpath names="/" tstamps="/"/>
      <tstamp>6162A6FF</tstamp>
    </comp>
    <comp ref="H1">
      <value>MountingHole</value>
      <footprint>MountingHole:MountingHole_3.2mm_M3</footprint>
      <datasheet>~</datasheet>
      <libsource lib="Mechanical" part="MountingHole" description="Mounting Hole without connection"/>
      <sheetpath names="/" tstamps="/"/>
      <tstamp>60C476B1</tstamp>
    </comp>
    <comp ref="H2">
      <value>MountingHole</value>
      <footprint>MountingHole:MountingHole_3.2mm_M3</footprint>
      <datasheet>~</datasheet>
      <libsource lib="Mechanical" part="MountingHole" description="Mounting Hole without connection"/>
      <sheetpath names="/" tstamps="/"/>
      <tstamp>61122FC6</tstamp>
    </comp>
    <comp ref="H3">
      <value>MountingHole</value>
      <footprint>MountingHole:MountingHole_3.2mm_M3</footprint>
      <datasheet>~</datasheet>
      <libsource lib="Mechanical" part="MountingHole" description="Mounting Hole without connection"/>
      <sheetpath names="/" tstamps="/"/>
      <tstamp>6112446E</tstamp>
    </comp>
    <comp ref="H4">
      <value>MountingHole</value>
      <footprint>MountingHole:MountingHole_3.2mm_M3</footprint>
      <datasheet>~</datasheet>
      <libsource lib="Mechanical" part="MountingHole" description="Mounting Hole without connection"/>
      <sheetpath names="/" tstamps="/"/>
      <tstamp>61126014</tstamp>
    </comp>
    <comp ref="RV1">
      <value>1k</value>
      <footprint>Potentiometer_THT:Potentiometer_ACP_CA9-H2,5_Horizontal</footprint>
      <datasheet>~</datasheet>
      <libsource lib="Device" part="R_Potentiometer_Trim" description="Trim-potentiometer"/>
      <sheetpath names="/" tstamps="/"/>
      <tstamp>611881E4</tstamp>
    </comp>
    <comp ref="J4">
      <value>Conn 2x3 pins</value>
      <footprint>Connector_PinHeader_2.54mm:PinHeader_2x03_P2.54mm_Vertical</footprint>
      <datasheet>~</datasheet>
      <libsource lib="Connector_Generic" part="Conn_02x03_Odd_Even" description="Generic connector, double row, 02x03, odd/even pin numbering scheme (row 1 odd numbers, row 2 even numbers), script generated (kicad-library-utils/schlib/autogen/connector/)"/>
      <sheetpath names="/" tstamps="/"/>
      <tstamp>6118DEA8</tstamp>
    </comp>
    <comp ref="J5">
      <value>Terminal 1x8</value>
      <footprint>TerminalBlock:TerminalBlock_bornier-8_P5.08mm</footprint>
      <datasheet>~</datasheet>
      <libsource lib="Connector" part="Screw_Terminal_01x08" description="Generic screw terminal, single row, 01x08, script generated (kicad-library-utils/schlib/autogen/connector/)"/>
      <sheetpath names="/" tstamps="/"/>
      <tstamp>611C3BAB</tstamp>
    </comp>
    <comp ref="J7">
      <value>Conn 1x8 pins</value>
      <footprint>Connector_PinHeader_2.54mm:PinHeader_1x08_P2.54mm_Vertical</footprint>
      <datasheet>~</datasheet>
      <libsource lib="Connector" part="Conn_01x08_Male" description="Generic connector, single row, 01x08, script generated (kicad-library-utils/schlib/autogen/connector/)"/>
      <sheetpath names="/" tstamps="/"/>
      <tstamp>6120505B</tstamp>
    </comp>
    <comp ref="U3">
      <value>DFPlayerMini</value>
      <footprint>Module:DFRobot_DFPlayerMini_DFR0299</footprint>
      <datasheet>https://wiki.dfrobot.com/DFPlayer_Mini_SKU_DFR0299</datasheet>
      <libsource lib="DAD-02-rescue" part="DFPlayerMini-Audio" description=""/>
      <sheetpath names="/" tstamps="/"/>
      <tstamp>612DA1D3</tstamp>
    </comp>
    <comp ref="R4">
      <value>1k</value>
      <footprint>Resistor_THT:R_Axial_DIN0207_L6.3mm_D2.5mm_P10.16mm_Horizontal</footprint>
      <datasheet>~</datasheet>
      <libsource lib="Device" part="R" description="Resistor"/>
      <sheetpath names="/" tstamps="/"/>
      <tstamp>61300D71</tstamp>
    </comp>
    <comp ref="J6">
      <value>Terminal 1x2</value>
      <footprint>TerminalBlock:TerminalBlock_bornier-2_P5.08mm</footprint>
      <datasheet>~</datasheet>
      <libsource lib="Connector" part="Screw_Terminal_01x02" description="Generic screw terminal, single row, 01x02, script generated (kicad-library-utils/schlib/autogen/connector/)"/>
      <sheetpath names="/" tstamps="/"/>
      <tstamp>613388DF</tstamp>
    </comp>
  </components>
  <libparts>
    <libpart lib="Connector" part="Conn_01x04_Male">
      <description>Generic connector, single row, 01x04, script generated (kicad-library-utils/schlib/autogen/connector/)</description>
      <docs>~</docs>
      <footprints>
        <fp>Connector*:*_1x??_*</fp>
      </footprints>
      <fields>
        <field name="Reference">J</field>
        <field name="Value">Conn_01x04_Male</field>
      </fields>
      <pins>
        <pin num="1" name="Pin_1" type="passive"/>
        <pin num="2" name="Pin_2" type="passive"/>
        <pin num="3" name="Pin_3" type="passive"/>
        <pin num="4" name="Pin_4" type="passive"/>
      </pins>
    </libpart>
    <libpart lib="Connector" part="Conn_01x08_Male">
      <description>Generic connector, single row, 01x08, script generated (kicad-library-utils/schlib/autogen/connector/)</description>
      <docs>~</docs>
      <footprints>
        <fp>Connector*:*_1x??_*</fp>
      </footprints>
      <fields>
        <field name="Reference">J</field>
        <field name="Value">Conn_01x08_Male</field>
      </fields>
      <pins>
        <pin num="1" name="Pin_1" type="passive"/>
        <pin num="2" name="Pin_2" type="passive"/>
        <pin num="3" name="Pin_3" type="passive"/>
        <pin num="4" name="Pin_4" type="passive"/>
        <pin num="5" name="Pin_5" type="passive"/>
        <pin num="6" name="Pin_6" type="passive"/>
        <pin num="7" name="Pin_7" type="passive"/>
        <pin num="8" name="Pin_8" type="passive"/>
      </pins>
    </libpart>
    <libpart lib="Connector" part="Screw_Terminal_01x02">
      <description>Generic screw terminal, single row, 01x02, script generated (kicad-library-utils/schlib/autogen/connector/)</description>
      <docs>~</docs>
      <footprints>
        <fp>TerminalBlock*:*</fp>
      </footprints>
      <fields>
        <field name="Reference">J</field>
        <field name="Value">Screw_Terminal_01x02</field>
      </fields>
      <pins>
        <pin num="1" name="Pin_1" type="passive"/>
        <pin num="2" name="Pin_2" type="passive"/>
      </pins>
    </libpart>
    <libpart lib="Connector" part="Screw_Terminal_01x08">
      <description>Generic screw terminal, single row, 01x08, script generated (kicad-library-utils/schlib/autogen/connector/)</description>
      <docs>~</docs>
      <footprints>
        <fp>TerminalBlock*:*</fp>
      </footprints>
      <fields>
        <field name="Reference">J</field>
        <field name="Value">Screw_Terminal_01x08</field>
      </fields>
      <pins>
        <pin num="1" name="Pin_1" type="passive"/>
        <pin num="2" name="Pin_2" type="passive"/>
        <pin num="3" name="Pin_3" type="passive"/>
        <pin num="4" name="Pin_4" type="passive"/>
        <pin num="5" name="Pin_5" type="passive"/>
        <pin num="6" name="Pin_6" type="passive"/>
        <pin num="7" name="Pin_7" type="passive"/>
        <pin num="8" name="Pin_8" type="passive"/>
      </pins>
    </libpart>
    <libpart lib="Connector_Generic" part="Conn_02x03_Odd_Even">
      <description>Generic connector, double row, 02x03, odd/even pin numbering scheme (row 1 odd numbers, row 2 even numbers), script generated (kicad-library-utils/schlib/autogen/connector/)</description>
      <docs>~</docs>
      <footprints>
        <fp>Connector*:*_2x??_*</fp>
      </footprints>
      <fields>
        <field name="Reference">J</field>
        <field name="Value">Conn_02x03_Odd_Even</field>
      </fields>
      <pins>
        <pin num="1" name="Pin_1" type="passive"/>
        <pin num="2" name="Pin_2" type="passive"/>
        <pin num="3" name="Pin_3" type="passive"/>
        <pin num="4" name="Pin_4" type="passive"/>
        <pin num="5" name="Pin_5" type="passive"/>
        <pin num="6" name="Pin_6" type="passive"/>
      </pins>
    </libpart>
    <libpart lib="DAD-02-rescue" part="DFPlayerMini-Audio">
      <footprints>
        <fp>SSOP*5.3x10.2mm*P0.65mm*</fp>
      </footprints>
      <fields>
        <field name="Reference">U</field>
        <field name="Value">DFPlayerMini-Audio</field>
      </fields>
      <pins>
        <pin num="1" name="VCC" type="input"/>
        <pin num="2" name="RX" type="BiDi"/>
        <pin num="3" name="TX" type="BiDi"/>
        <pin num="4" name="DAC_R" type="input"/>
        <pin num="5" name="DAC_L" type="input"/>
        <pin num="6" name="SPK1" type="input"/>
        <pin num="7" name="GND" type="input"/>
        <pin num="8" name="SPK2" type="output"/>
        <pin num="9" name="IO_1" type="BiDi"/>
        <pin num="10" name="GND" type="input"/>
        <pin num="11" name="IO_2" type="BiDi"/>
        <pin num="12" name="ADKEY1" type="input"/>
        <pin num="13" name="ADKEY2" type="input"/>
        <pin num="14" name="USB+" type="BiDi"/>
        <pin num="15" name="USB-" type="BiDi"/>
        <pin num="16" name="BUSY" type="input"/>
      </pins>
    </libpart>
    <libpart lib="Device" part="C_Polarized">
      <description>Polarized capacitor</description>
      <docs>~</docs>
      <footprints>
        <fp>CP_*</fp>
      </footprints>
      <fields>
        <field name="Reference">C</field>
        <field name="Value">C_Polarized</field>
      </fields>
      <pins>
        <pin num="1" name="~" type="passive"/>
        <pin num="2" name="~" type="passive"/>
      </pins>
    </libpart>
    <libpart lib="Device" part="R">
      <description>Resistor</description>
      <docs>~</docs>
      <footprints>
        <fp>R_*</fp>
      </footprints>
      <fields>
        <field name="Reference">R</field>
        <field name="Value">R</field>
      </fields>
      <pins>
        <pin num="1" name="~" type="passive"/>
        <pin num="2" name="~" type="passive"/>
      </pins>
    </libpart>
    <libpart lib="Device" part="R_Potentiometer_Trim">
      <description>Trim-potentiometer</description>
      <docs>~</docs>
      <footprints>
        <fp>Potentiometer*</fp>
      </footprints>
      <fields>
        <field name="Reference">RV</field>
        <field name="Value">R_Potentiometer_Trim</field>
      </fields>
      <pins>
        <pin num="1" name="1" type="passive"/>
        <pin num="2" name="2" type="passive"/>
        <pin num="3" name="3" type="passive"/>
      </pins>
    </libpart>
    <libpart lib="Diode" part="1N4001">
      <aliases>
        <alias>1N4002</alias>
        <alias>1N4003</alias>
        <alias>1N4004</alias>
        <alias>1N4005</alias>
        <alias>1N4006</alias>
        <alias>1N4007</alias>
        <alias>BA157</alias>
        <alias>BA158</alias>
        <alias>BA159</alias>
      </aliases>
      <description>50V 1A General Purpose Rectifier Diode, DO-41</description>
      <docs>http://www.vishay.com/docs/88503/1n4001.pdf</docs>
      <footprints>
        <fp>D*DO?41*</fp>
      </footprints>
      <fields>
        <field name="Reference">D</field>
        <field name="Value">1N4001</field>
        <field name="Footprint">Diode_THT:D_DO-41_SOD81_P10.16mm_Horizontal</field>
      </fields>
      <pins>
        <pin num="1" name="K" type="passive"/>
        <pin num="2" name="A" type="passive"/>
      </pins>
    </libpart>
    <libpart lib="Diode" part="1N4148">
      <aliases>
        <alias>1N4448</alias>
        <alias>1N4149</alias>
        <alias>1N4151</alias>
        <alias>1N914</alias>
        <alias>BA243</alias>
        <alias>BA244</alias>
        <alias>BA282</alias>
        <alias>BA283</alias>
        <alias>BAV17</alias>
        <alias>BAV18</alias>
        <alias>BAV19</alias>
        <alias>BAV20</alias>
        <alias>BAV21</alias>
        <alias>BAW75</alias>
        <alias>BAW76</alias>
        <alias>BAY93</alias>
      </aliases>
      <description>100V 0.15A standard switching diode, DO-35</description>
      <docs>https://assets.nexperia.com/documents/data-sheet/1N4148_1N4448.pdf</docs>
      <footprints>
        <fp>D*DO?35*</fp>
      </footprints>
      <fields>
        <field name="Reference">D</field>
        <field name="Value">1N4148</field>
        <field name="Footprint">Diode_THT:D_DO-35_SOD27_P7.62mm_Horizontal</field>
      </fields>
      <pins>
        <pin num="1" name="K" type="passive"/>
        <pin num="2" name="A" type="passive"/>
      </pins>
    </libpart>
    <libpart lib="Isolator" part="HCPL-261A">
      <aliases>
        <alias>HCPL-261N</alias>
        <alias>6N137</alias>
        <alias>HCPL-2601</alias>
        <alias>HCPL-2611</alias>
        <alias>VO2601</alias>
        <alias>VO2611</alias>
      </aliases>
      <description>Single High Speed HCMOS/LSTTL/TTL Compatible Optocoupler with enable, dV/dt 1000/us, VCM 50, -0.5V to 7V VCC, DIP-8</description>
      <docs>http://docs.avagotech.com/docs/AV02-0391EN</docs>
      <footprints>
        <fp>DIP*W7.62mm*</fp>
      </footprints>
      <fields>
        <field name="Reference">U</field>
        <field name="Value">HCPL-261A</field>
        <field name="Footprint">Package_DIP:DIP-8_W7.62mm</field>
      </fields>
      <pins>
        <pin num="1" name="NC" type="NotConnected"/>
        <pin num="2" name="A" type="passive"/>
        <pin num="3" name="C" type="passive"/>
        <pin num="5" name="GND" type="power_in"/>
        <pin num="6" name="VO" type="openCol"/>
        <pin num="7" name="EN" type="input"/>
        <pin num="8" name="VCC" type="power_in"/>
      </pins>
    </libpart>
    <libpart lib="MCU_Module" part="Arduino_Nano_v2.x">
      <aliases>
        <alias>Arduino_Nano_v3.x</alias>
      </aliases>
      <description>Arduino Nano v2.x</description>
      <docs>https://www.arduino.cc/en/uploads/Main/ArduinoNanoManual23.pdf</docs>
      <footprints>
        <fp>Arduino*Nano*</fp>
      </footprints>
      <fields>
        <field name="Reference">A</field>
        <field name="Value">Arduino_Nano_v2.x</field>
        <field name="Footprint">Module:Arduino_Nano</field>
      </fields>
      <pins>
        <pin num="1" name="D1/TX" type="BiDi"/>
        <pin num="2" name="D0/RX" type="BiDi"/>
        <pin num="3" name="~RESET" type="input"/>
        <pin num="4" name="GND" type="power_in"/>
        <pin num="5" name="D2" type="BiDi"/>
        <pin num="6" name="D3" type="BiDi"/>
        <pin num="7" name="D4" type="BiDi"/>
        <pin num="8" name="D5" type="BiDi"/>
        <pin num="9" name="D6" type="BiDi"/>
        <pin num="10" name="D7" type="BiDi"/>
        <pin num="11" name="D8" type="BiDi"/>
        <pin num="12" name="D9" type="BiDi"/>
        <pin num="13" name="D10" type="BiDi"/>
        <pin num="14" name="D11" type="BiDi"/>
        <pin num="15" name="D12" type="BiDi"/>
        <pin num="16" name="D13" type="BiDi"/>
        <pin num="17" name="3V3" type="power_out"/>
        <pin num="18" name="AREF" type="input"/>
        <pin num="19" name="A0" type="BiDi"/>
        <pin num="20" name="A1" type="BiDi"/>
        <pin num="21" name="A2" type="BiDi"/>
        <pin num="22" name="A3" type="BiDi"/>
        <pin num="23" name="A4" type="BiDi"/>
        <pin num="24" name="A5" type="BiDi"/>
        <pin num="25" name="A6" type="BiDi"/>
        <pin num="26" name="A7" type="BiDi"/>
        <pin num="27" name="+5V" type="power_out"/>
        <pin num="28" name="~RESET" type="input"/>
        <pin num="29" name="GND" type="power_in"/>
        <pin num="30" name="VIN" type="power_in"/>
      </pins>
    </libpart>
    <libpart lib="Mechanical" part="MountingHole">
      <description>Mounting Hole without connection</description>
      <docs>~</docs>
      <footprints>
        <fp>MountingHole*</fp>
      </footprints>
      <fields>
        <field name="Reference">H</field>
        <field name="Value">MountingHole</field>
      </fields>
    </libpart>
    <libpart lib="Regulator_Linear" part="LM7805_TO220">
      <aliases>
        <alias>LM7806_TO220</alias>
        <alias>LM7808_TO220</alias>
        <alias>LM7809_TO220</alias>
        <alias>LM7810_TO220</alias>
        <alias>LM7812_TO220</alias>
        <alias>LM7815_TO220</alias>
        <alias>LM7818_TO220</alias>
        <alias>LM7824_TO220</alias>
        <alias>LM78M05_TO220</alias>
        <alias>SPX2920U-3.3_TO220</alias>
        <alias>SPX2920U-5.0_TO220</alias>
        <alias>LF15_TO220</alias>
        <alias>LF18_TO220</alias>
        <alias>LF25_TO220</alias>
        <alias>LF33_TO220</alias>
        <alias>LF50_TO220</alias>
        <alias>LF60_TO220</alias>
        <alias>LF80_TO220</alias>
        <alias>LF85_TO220</alias>
        <alias>LF120_TO220</alias>
        <alias>LF47_TO220</alias>
        <alias>LF90_TO220</alias>
        <alias>LM341T-05_TO220</alias>
        <alias>LM341T-12_TO220</alias>
        <alias>LM341T-15_TO220</alias>
        <alias>LM2937xT</alias>
        <alias>LM2931-3.3_TO220</alias>
        <alias>LM2931-5.0_TO220</alias>
      </aliases>
      <description>Positive 1A 35V Linear Regulator, Fixed Output 5V, TO-220</description>
      <docs>https://www.onsemi.cn/PowerSolutions/document/MC7800-D.PDF</docs>
      <footprints>
        <fp>TO?220*</fp>
      </footprints>
      <fields>
        <field name="Reference">U</field>
        <field name="Value">LM7805_TO220</field>
        <field name="Footprint">Package_TO_SOT_THT:TO-220-3_Vertical</field>
      </fields>
      <pins>
        <pin num="1" name="VI" type="power_in"/>
        <pin num="2" name="GND" type="power_in"/>
        <pin num="3" name="VO" type="power_out"/>
      </pins>
    </libpart>
  </libparts>
  <libraries>
    <library logical="Connector">
      <uri>/home/iwa/documents/KiCAD/kicad-symbols/Connector.lib</uri>
    </library>
    <library logical="Connector_Generic">
      <uri>/home/iwa/documents/KiCAD/kicad-symbols/Connector_Generic.lib</uri>
    </library>
    <library logical="DAD-02-rescue">
      <uri>/home/iwa/documents/KiCAD/Digital Accessory Decoder/DAD 02/DAD 02/DAD 02-rescue.lib</uri>
    </library>
    <library logical="Device">
      <uri>/home/iwa/documents/KiCAD/kicad-symbols/Device.lib</uri>
    </library>
    <library logical="Diode">
      <uri>/home/iwa/documents/KiCAD/kicad-symbols/Diode.lib</uri>
    </library>
    <library logical="Isolator">
      <uri>/home/iwa/documents/KiCAD/kicad-symbols/Isolator.lib</uri>
    </library>
    <library logical="MCU_Module">
      <uri>/home/iwa/documents/KiCAD/kicad-symbols/MCU_Module.lib</uri>
    </library>
    <library logical="Mechanical">
      <uri>/home/iwa/documents/KiCAD/kicad-symbols/Mechanical.lib</uri>
    </library>
    <library logical="Regulator_Linear">
      <uri>/home/iwa/documents/KiCAD/kicad-symbols/Regulator_Linear.lib</uri>
    </library>
  </libraries>
  <nets>
    <net code="1" name="GND">
      <node ref="J1" pin="4"/>
      <node ref="D3" pin="2"/>
      <node ref="A1" pin="29"/>
      <node ref="RV1" pin="3"/>
      <node ref="J4" pin="1"/>
      <node ref="J7" pin="8"/>
      <node ref="U2" pin="5"/>
      <node ref="U1" pin="2"/>
      <node ref="C1" pin="2"/>
      <node ref="D4" pin="2"/>
      <node ref="C2" pin="2"/>
      <node ref="U3" pin="7"/>
      <node ref="J5" pin="8"/>
      <node ref="J4" pin="3"/>
      <node ref="J4" pin="5"/>
    </net>
    <net code="2" name="BTN_MODE_C">
      <node ref="J4" pin="6"/>
      <node ref="A1" pin="21"/>
    </net>
    <net code="3" name="BTN_MODE_B">
      <node ref="J4" pin="4"/>
      <node ref="A1" pin="20"/>
    </net>
    <net code="4" name="BTN_MODE_A">
      <node ref="A1" pin="19"/>
      <node ref="J4" pin="2"/>
    </net>
    <net code="5" name="BTN_C2">
      <node ref="J7" pin="6"/>
      <node ref="A1" pin="11"/>
      <node ref="J5" pin="6"/>
    </net>
    <net code="6" name="BTN_RAND">
      <node ref="J7" pin="7"/>
      <node ref="J5" pin="7"/>
      <node ref="A1" pin="12"/>
    </net>
    <net code="7" name="BTN_C1">
      <node ref="J7" pin="5"/>
      <node ref="J5" pin="5"/>
      <node ref="A1" pin="10"/>
    </net>
    <net code="8" name="BTN_B2">
      <node ref="J7" pin="4"/>
      <node ref="J5" pin="4"/>
      <node ref="A1" pin="9"/>
    </net>
    <net code="9" name="BTN_B1">
      <node ref="A1" pin="8"/>
      <node ref="J7" pin="3"/>
      <node ref="J5" pin="3"/>
    </net>
    <net code="10" name="BTN_A2">
      <node ref="A1" pin="7"/>
      <node ref="J5" pin="2"/>
      <node ref="J7" pin="2"/>
    </net>
    <net code="11" name="BTN_A1">
      <node ref="A1" pin="6"/>
      <node ref="J7" pin="1"/>
      <node ref="J5" pin="1"/>
    </net>
    <net code="12" name="DFP_TX">
      <node ref="R4" pin="2"/>
      <node ref="A1" pin="14"/>
    </net>
    <net code="13" name="DFP_RX">
      <node ref="A1" pin="13"/>
      <node ref="U3" pin="3"/>
    </net>
    <net code="14" name="Net-(A1-Pad1)">
      <node ref="J1" pin="3"/>
      <node ref="A1" pin="1"/>
    </net>
    <net code="15" name="Net-(A1-Pad2)">
      <node ref="A1" pin="2"/>
      <node ref="J1" pin="2"/>
    </net>
    <net code="16" name="VCC">
      <node ref="D2" pin="1"/>
      <node ref="D1" pin="1"/>
      <node ref="C1" pin="1"/>
      <node ref="U1" pin="1"/>
      <node ref="J1" pin="1"/>
    </net>
    <net code="17" name="VOL_POT">
      <node ref="RV1" pin="2"/>
      <node ref="A1" pin="26"/>
    </net>
    <net code="18" name="+5V">
      <node ref="R1" pin="1"/>
      <node ref="U2" pin="8"/>
      <node ref="RV1" pin="1"/>
      <node ref="A1" pin="30"/>
      <node ref="R2" pin="1"/>
      <node ref="U3" pin="1"/>
      <node ref="C2" pin="1"/>
      <node ref="U1" pin="3"/>
    </net>
    <net code="19" name="Net-(U3-Pad4)">
      <node ref="U3" pin="4"/>
    </net>
    <net code="20" name="Net-(U3-Pad9)">
      <node ref="U3" pin="9"/>
    </net>
    <net code="21" name="Net-(J6-Pad1)">
      <node ref="J6" pin="1"/>
      <node ref="U3" pin="6"/>
    </net>
    <net code="22" name="Net-(U3-Pad5)">
      <node ref="U3" pin="5"/>
    </net>
    <net code="23" name="Net-(R4-Pad1)">
      <node ref="R4" pin="1"/>
      <node ref="U3" pin="2"/>
    </net>
    <net code="24" name="Net-(U3-Pad16)">
      <node ref="U3" pin="16"/>
    </net>
    <net code="25" name="Net-(U3-Pad15)">
      <node ref="U3" pin="15"/>
    </net>
    <net code="26" name="Net-(U3-Pad14)">
      <node ref="U3" pin="14"/>
    </net>
    <net code="27" name="Net-(U3-Pad13)">
      <node ref="U3" pin="13"/>
    </net>
    <net code="28" name="Net-(U3-Pad12)">
      <node ref="U3" pin="12"/>
    </net>
    <net code="29" name="Net-(U3-Pad11)">
      <node ref="U3" pin="11"/>
    </net>
    <net code="30" name="Net-(U3-Pad10)">
      <node ref="U3" pin="10"/>
    </net>
    <net code="31" name="Net-(J6-Pad2)">
      <node ref="U3" pin="8"/>
      <node ref="J6" pin="2"/>
    </net>
    <net code="32" name="Net-(R1-Pad2)">
      <node ref="R1" pin="2"/>
      <node ref="U2" pin="7"/>
    </net>
    <net code="33" name="Net-(J3-Pad1)">
      <node ref="J3" pin="1"/>
      <node ref="R3" pin="2"/>
    </net>
    <net code="34" name="Net-(D5-Pad2)">
      <node ref="U2" pin="3"/>
      <node ref="J3" pin="2"/>
      <node ref="D5" pin="2"/>
    </net>
    <net code="35" name="Net-(U2-Pad1)">
      <node ref="U2" pin="1"/>
    </net>
    <net code="36" name="Net-(D2-Pad2)">
      <node ref="D4" pin="1"/>
      <node ref="J2" pin="2"/>
      <node ref="D2" pin="2"/>
    </net>
    <net code="37" name="Net-(D1-Pad2)">
      <node ref="D1" pin="2"/>
      <node ref="D3" pin="1"/>
      <node ref="J2" pin="1"/>
    </net>
    <net code="38" name="Net-(A1-Pad27)">
      <node ref="A1" pin="27"/>
    </net>
    <net code="39" name="Net-(A1-Pad25)">
      <node ref="A1" pin="25"/>
    </net>
    <net code="40" name="Net-(A1-Pad24)">
      <node ref="A1" pin="24"/>
    </net>
    <net code="41" name="Net-(A1-Pad23)">
      <node ref="A1" pin="23"/>
    </net>
    <net code="42" name="Net-(A1-Pad22)">
      <node ref="A1" pin="22"/>
    </net>
    <net code="43" name="Net-(A1-Pad28)">
      <node ref="A1" pin="28"/>
    </net>
    <net code="44" name="Net-(A1-Pad18)">
      <node ref="A1" pin="18"/>
    </net>
    <net code="45" name="Net-(A1-Pad17)">
      <node ref="A1" pin="17"/>
    </net>
    <net code="46" name="Net-(A1-Pad16)">
      <node ref="A1" pin="16"/>
    </net>
    <net code="47" name="Net-(A1-Pad15)">
      <node ref="A1" pin="15"/>
    </net>
    <net code="48" name="DCC">
      <node ref="U2" pin="6"/>
      <node ref="R2" pin="2"/>
      <node ref="A1" pin="5"/>
    </net>
    <net code="49" name="Net-(A1-Pad4)">
      <node ref="A1" pin="4"/>
    </net>
    <net code="50" name="Net-(A1-Pad3)">
      <node ref="A1" pin="3"/>
    </net>
    <net code="51" name="Net-(D5-Pad1)">
      <node ref="U2" pin="2"/>
      <node ref="D5" pin="1"/>
      <node ref="R3" pin="1"/>
    </net>
  </nets>
</export>
